{
    "s-prefix:597857166900199424": {
        "value": null,
        "expires": null
    },
    "c-wolf:597857166900199426": {
        "value": null,
        "expires": null
    },
    "c-wolf:597857166900199424": {
        "value": null,
        "expires": null
    },
    "f-wolf-filter:597857166900199426": {
        "value": null,
        "expires": null
    },
    "f-wolf-filter:597857166900199424": {
        "value": null,
        "expires": null
    },
    "p-wolf-units:597853849319112755": {
        "value": null,
        "expires": null
    },
    "p-tex-colour:597853849319112755": {
        "value": null,
        "expires": null
    },
    "blame:597881558086713385": {
        "value": "{\"mention\": \"<@597853849319112755>\", \"name\": \"spmatthews03\", \"discriminator\": \"2819\", \"id\": 597853849319112755}",
        "expires": 1562904471.5635529
    },
    "blame:597881563828453386": {
        "value": "{\"mention\": \"<@597853849319112755>\", \"name\": \"spmatthews03\", \"discriminator\": \"2819\", \"id\": 597853849319112755}",
        "expires": 1562904472.8871949
    },
    "blame:597881568920338483": {
        "value": "{\"mention\": \"<@597853849319112755>\", \"name\": \"spmatthews03\", \"discriminator\": \"2819\", \"id\": 597853849319112755}",
        "expires": 1562904474.1204598
    },
    "f-wolf-mention:597857166900199426": {
        "value": null,
        "expires": null
    },
    "f-wolf-mention:597857166900199424": {
        "value": null,
        "expires": null
    },
    "blame:597881573794119691": {
        "value": "{\"mention\": \"<@597853849319112755>\", \"name\": \"spmatthews03\", \"discriminator\": \"2819\", \"id\": 597853849319112755}",
        "expires": 1562904475.3068714
    },
    "wolfram:message:597881573794119691": {
        "value": "{\"assumptions\": {\"as_text\": [], \"emoji_count\": 0, \"emoji_to_code\": {}, \"count\": 0, \"count_unknown\": 0}, \"query\": \"2x+4x\", \"used\": false, \"blame\": 597853849319112755, \"channel id\": 597857166900199426, \"message id\": 597881573794119691, \"image ids\": [597881558086713385, 597881563828453386, 597881568920338483], \"no change warning\": false}",
        "expires": 1562702875.4253554
    },
    "blame:597881773694910487": {
        "value": "{\"mention\": \"<@597853849319112755>\", \"name\": \"spmatthews03\", \"discriminator\": \"2819\", \"id\": 597853849319112755}",
        "expires": 1562904522.9827008
    },
    "blame:597881778988122133": {
        "value": "{\"mention\": \"<@597853849319112755>\", \"name\": \"spmatthews03\", \"discriminator\": \"2819\", \"id\": 597853849319112755}",
        "expires": 1562904524.1626055
    },
    "wolfram:message:597881778988122133": {
        "value": "{\"assumptions\": {\"as_text\": [], \"emoji_count\": 0, \"emoji_to_code\": {}, \"count\": 0, \"count_unknown\": 0}, \"query\": \"step by steps of 5x-6y=3 solve for x\", \"used\": false, \"blame\": 597853849319112755, \"channel id\": 597857166900199426, \"message id\": 597881778988122133, \"image ids\": [597881773694910487], \"no change warning\": false}",
        "expires": 1562702924.3153207
    }
}